{
  "project_info": {
    "project_number": "746746575503",
    "project_id": "fitnessapp-b20e9",
    "storage_bucket": "fitnessapp-b20e9.appspot.com"
  },
  "client": [
    {
      "client_info": {
        "mobilesdk_app_id": "1:746746575503:android:e28810a47198f5c7b78efa",
        "android_client_info": {
          "package_name": "com.example.app"
        }
      },
      "oauth_client": [
        {
          "client_id": "746746575503-1fbu42ugrrbr1ahe5qgcgd22g73uv0nn.apps.googleusercontent.com",
          "client_type": 3
        }
      ],
      "api_key": [
        {
          "current_key": "AIzaSyALNOMLDhvoGtL-1WDT6WTKup3g4pWw9Rk"
        }
      ],
      "services": {
        "appinvite_service": {
          "other_platform_oauth_client": [
            {
              "client_id": "746746575503-1fbu42ugrrbr1ahe5qgcgd22g73uv0nn.apps.googleusercontent.com",
              "client_type": 3
            }
          ]
        }
      }
    }
  ],
  "configuration_version": "1"
}